{"cameraMode":{"drawMode":0,"name":"Shaded","section":"Shading Mode"},"sceneLighting":true,"audioPlay":false,"sceneViewState":{"m_AlwaysRefresh":false,"showFog":true,"showSkybox":true,"showFlares":true,"showImageEffects":true,"showParticleSystems":true,"showVisualEffectGraphs":true,"m_FxEnabled":true},"in2DMode":false,"pivot":{"x":6.3477091789245609,"y":2.9152987003326418,"z":13.109654426574707},"rotation":{"x":-0.03020530194044113,"y":0.6235212683677673,"z":0.02416352555155754,"w":0.7808887362480164},"size":1.9014434814453126,"orthographic":false}