{"cameraMode":{"drawMode":0,"name":"Shaded","section":"Shading Mode"},"sceneLighting":true,"audioPlay":false,"sceneViewState":{"m_AlwaysRefresh":false,"showFog":true,"showSkybox":true,"showFlares":true,"showImageEffects":true,"showParticleSystems":true,"showVisualEffectGraphs":true,"m_FxEnabled":true},"in2DMode":false,"pivot":{"x":6.2974958419799809,"y":-3.481022834777832,"z":3.445408821105957},"rotation":{"x":0.3396250903606415,"y":0.011514964513480664,"z":-0.004173182416707277,"w":0.9405883550643921},"size":47.360755920410159,"orthographic":false}