{"cameraMode":{"drawMode":0,"name":"Shaded","section":"Shading Mode"},"sceneLighting":false,"audioPlay":false,"sceneViewState":{"m_AlwaysRefresh":false,"showFog":true,"showSkybox":false,"showFlares":true,"showImageEffects":true,"showParticleSystems":true,"showVisualEffectGraphs":true,"m_FxEnabled":true},"in2DMode":false,"pivot":{"x":2.37007474899292,"y":2.7555465698242189,"z":11.00200080871582},"rotation":{"x":0.5169915556907654,"y":0.004405566491186619,"z":-0.002622094936668873,"w":0.8560343384742737},"size":1.6054891347885132,"orthographic":false}