{"cameraMode":{"drawMode":0,"name":"Shaded","section":"Shading Mode"},"sceneLighting":false,"audioPlay":false,"sceneViewState":{"m_AlwaysRefresh":false,"showFog":true,"showSkybox":false,"showFlares":true,"showImageEffects":true,"showParticleSystems":true,"showVisualEffectGraphs":true,"m_FxEnabled":true},"in2DMode":false,"pivot":{"x":23.299999237060548,"y":0.2814179062843323,"z":9.991025924682618},"rotation":{"x":-0.08340852707624436,"y":0.1106443926692009,"z":-0.009225714951753617,"w":-0.9903841614723206},"size":4.837697982788086,"orthographic":false}