{"cameraMode":{"drawMode":0,"name":"Shaded","section":"Shading Mode"},"sceneLighting":false,"audioPlay":false,"sceneViewState":{"m_AlwaysRefresh":false,"showFog":true,"showSkybox":false,"showFlares":true,"showImageEffects":true,"showParticleSystems":true,"showVisualEffectGraphs":true,"m_FxEnabled":true},"in2DMode":false,"pivot":{"x":-14.039124488830567,"y":0.12027696520090103,"z":-3.1548407077789308},"rotation":{"x":-0.46842050552368166,"y":0.042388666421175,"z":-0.02064475789666176,"w":-0.8826905488967896},"size":0.13523723185062409,"orthographic":false}