{"cameraMode":{"drawMode":0,"name":"Shaded","section":"Shading Mode"},"sceneLighting":false,"audioPlay":false,"sceneViewState":{"m_AlwaysRefresh":false,"showFog":true,"showSkybox":false,"showFlares":true,"showImageEffects":true,"showParticleSystems":true,"showVisualEffectGraphs":true,"m_FxEnabled":true},"in2DMode":false,"pivot":{"x":22.358257293701173,"y":-0.005405426025390625,"z":9.495672225952149},"rotation":{"x":-0.2242838591337204,"y":0.05138904228806496,"z":-0.011808881536126137,"w":-0.9731718897819519},"size":3.3394381999969484,"orthographic":false}