{"cameraMode":{"drawMode":0,"name":"Shaded","section":"Shading Mode"},"sceneLighting":false,"audioPlay":false,"sceneViewState":{"m_AlwaysRefresh":false,"showFog":true,"showSkybox":false,"showFlares":true,"showImageEffects":true,"showParticleSystems":true,"showVisualEffectGraphs":true,"m_FxEnabled":true},"in2DMode":false,"pivot":{"x":25.12081527709961,"y":-0.008925676345825196,"z":8.017376899719239},"rotation":{"x":-0.02955186553299427,"y":-0.9704252481460571,"z":0.16039001941680909,"w":-0.17834417521953584},"size":3.3394381999969484,"orthographic":false}